{"cameraMode":{"drawMode":0,"name":"Shaded","section":"Shading Mode"},"sceneLighting":false,"audioPlay":false,"sceneViewState":{"showFog":true,"showMaterialUpdate":true,"showSkybox":true,"showFlares":true,"showImageEffects":true,"showParticleSystems":true},"in2DMode":false,"pivot":{"x":-4.139929294586182,"y":4.361475944519043,"z":11.713325500488282},"rotation":{"x":0.14484384655952454,"y":0.7381025552749634,"z":-0.16776880621910096,"w":0.6372429728507996},"size":1.066039800643921,"orthographic":false}