{"cameraMode":{"drawMode":0,"name":"Shaded","section":"Shading Mode"},"sceneLighting":false,"audioPlay":false,"sceneViewState":{"showFog":true,"showMaterialUpdate":true,"showSkybox":true,"showFlares":true,"showImageEffects":true,"showParticleSystems":true},"in2DMode":false,"pivot":{"x":-6.438017845153809,"y":-5.157586097717285,"z":-2.8841123580932619},"rotation":{"x":-0.12278719246387482,"y":0.8057324886322022,"z":-0.17959387600421906,"w":-0.5508763194084168},"size":19.816030502319337,"orthographic":false}