{"cameraMode":{"drawMode":0,"name":"Shaded","section":"Shading Mode"},"sceneLighting":false,"audioPlay":false,"sceneViewState":{"showFog":true,"showMaterialUpdate":true,"showSkybox":true,"showFlares":true,"showImageEffects":true,"showParticleSystems":true},"in2DMode":false,"pivot":{"x":0.43903017044067385,"y":3.000819206237793,"z":7.418003082275391},"rotation":{"x":-0.026946673169732095,"y":-0.06083877757191658,"z":-0.0016430480172857643,"w":0.9977825284004211},"size":23.70824432373047,"orthographic":false}