{"cameraMode":{"drawMode":0,"name":"Shaded","section":"Shading Mode"},"sceneLighting":false,"audioPlay":false,"sceneViewState":{"showFog":true,"showMaterialUpdate":true,"showSkybox":false,"showFlares":true,"showImageEffects":true,"showParticleSystems":true},"in2DMode":false,"pivot":{"x":0.9217215180397034,"y":-2.935746669769287,"z":11.784364700317383},"rotation":{"x":-0.13033488392829896,"y":0.039247822016477588,"z":-0.005163720343261957,"w":-0.9906795024871826},"size":21.39802360534668,"orthographic":false}