{"cameraMode":{"drawMode":0,"name":"Shaded","section":"Shading Mode"},"sceneLighting":false,"audioPlay":false,"sceneViewState":{"showFog":true,"showMaterialUpdate":true,"showSkybox":false,"showFlares":true,"showImageEffects":true,"showParticleSystems":true},"in2DMode":false,"pivot":{"x":-1.8374085426330567,"y":0.32088541984558108,"z":1.4395980834960938},"rotation":{"x":-0.12817470729351045,"y":0.27492934465408327,"z":-0.03700963407754898,"w":-0.9521635174751282},"size":19.436439514160158,"orthographic":false}