{"cameraMode":{"drawMode":0,"name":"Shaded","section":"Shading Mode"},"sceneLighting":false,"audioPlay":false,"sceneViewState":{"showFog":true,"showMaterialUpdate":true,"showSkybox":false,"showFlares":true,"showImageEffects":true,"showParticleSystems":true},"in2DMode":false,"pivot":{"x":9.695978164672852,"y":-0.00027938932180404663,"z":13.269306182861329},"rotation":{"x":-0.13033488392829896,"y":0.039247822016477588,"z":-0.005163720343261957,"w":-0.9906795024871826},"size":71.9882583618164,"orthographic":false}