{"cameraMode":{"drawMode":0,"name":"Shaded","section":"Shading Mode"},"sceneLighting":false,"audioPlay":false,"sceneViewState":{"showFog":true,"showMaterialUpdate":true,"showSkybox":false,"showFlares":true,"showImageEffects":true,"showParticleSystems":true},"in2DMode":false,"pivot":{"x":-14.386173248291016,"y":-2.280789375305176,"z":10.74554443359375},"rotation":{"x":-0.13033488392829896,"y":0.039247822016477588,"z":-0.005163720343261957,"w":-0.9906795024871826},"size":28.516878128051759,"orthographic":false}